,precision,recall,f1-score,support
sound,0.9444444444444444,0.9739583333333334,0.958974358974359,192.0
damaged,0.9444444444444444,0.8854166666666666,0.9139784946236559,96.0
accuracy,0.9444444444444444,0.9444444444444444,0.9444444444444444,0.9444444444444444
macro avg,0.9444444444444444,0.9296875,0.9364764267990074,288.0
weighted avg,0.9444444444444444,0.9444444444444444,0.9439757375241246,288.0
