,precision,recall,f1-score,support
sound,0.9441624365482234,0.96875,0.9562982005141388,192.0
damaged,0.9340659340659341,0.8854166666666666,0.9090909090909091,96.0
accuracy,0.9409722222222222,0.9409722222222222,0.9409722222222222,0.9409722222222222
macro avg,0.9391141853070788,0.9270833333333333,0.932694554802524,288.0
weighted avg,0.9407969357207935,0.9409722222222222,0.9405624367063956,288.0
