,precision,recall,f1-score,support
sound,0.9597989949748744,0.9947916666666666,0.9769820971867008,192.0
damaged,0.9887640449438202,0.9166666666666666,0.9513513513513514,96.0
accuracy,0.96875,0.96875,0.96875,0.96875
macro avg,0.9742815199593473,0.9557291666666666,0.9641667242690262,288.0
weighted avg,0.9694540116311897,0.96875,0.9684385152415843,288.0
