,precision,recall,f1-score,support
sound,0.9353233830845771,0.9791666666666666,0.9567430025445293,192.0
damaged,0.9540229885057471,0.8645833333333334,0.907103825136612,96.0
accuracy,0.9409722222222222,0.9409722222222222,0.9409722222222222,0.9409722222222222
macro avg,0.944673185795162,0.921875,0.9319234138405706,288.0
weighted avg,0.9415565848916339,0.9409722222222222,0.9401966100752234,288.0
